metric,value,normalized,randomSeed,fold
PRECISION,0.3333333333333333,0.3333333333333333,0,0
RECALL,0.3333333333333333,0.3333333333333333,0,0
F1_MACRO,0.6078431372549019,0.6078431372549019,0,0
F1,0.3333333333333333,0.3333333333333333,0,0
