metric,value,normalized,randomSeed,fold
PRECISION,0.45,0.45,0,0
RECALL,0.5070422535211268,0.5070422535211268,0,0
F1_MACRO,0.6775477300788784,0.6775477300788784,0,0
F1,0.4768211920529802,0.4768211920529802,0,0
