metric,value,normalized,randomSeed,fold
PRECISION,0.575,0.575,0,0
RECALL,0.575,0.575,0,0
F1_MACRO,0.7638888888888888,0.7638888888888888,0,0
F1,0.575,0.575,0,0
