metric,value,normalized,randomSeed,fold
PRECISION,0.27,0.27,0,0
RECALL,0.3,0.3,0,0
F1_MACRO,0.5306298533218291,0.5306298533218291,0,0
F1,0.28421052631578947,0.28421052631578947,0,0
